{"1": {"popularity": 0.16, "winrate": 0.4375, "build": {}}, "2": {"popularity": 0.07, "winrate": 0.5714285714285714, "build": {}}, "3": {"popularity": 0.01, "winrate": 0.0, "build": {}}, "4": {"popularity": 0.04, "winrate": 0.75, "build": {}}, "5": {"popularity": 0.13, "winrate": 0.46153846153846156, "build": {}}, "6": {"popularity": 0.03, "winrate": 0.3333333333333333, "build": {}}, "7": {"popularity": 0.03, "winrate": 1.0, "build": {}}, "8": {"popularity": 0.11, "winrate": 0.5454545454545454, "build": {}}, "9": {"popularity": 0.01, "winrate": 0.0, "build": {}}, "10": {"popularity": 0.11, "winrate": 0.36363636363636365, "build": {}}, "11": {"popularity": 0.11, "winrate": 0.6363636363636364, "build": {}}, "12": {"popularity": 0.09, "winrate": 0.6666666666666666, "build": {}}, "13": {"popularity": 0.04, "winrate": 0.25, "build": {}}, "14": {"popularity": 0.03, "winrate": 0.3333333333333333, "build": {}}, "15": {"popularity": 0.17, "winrate": 0.47058823529411764, "build": {}}, "16": {"popularity": 0.06, "winrate": 0.6666666666666666, "build": {}}, "17": {"popularity": 0.07, "winrate": 0.5714285714285714, "build": {}}, "18": {"popularity": 0.2, "winrate": 0.65, "build": {}}, "19": {"popularity": 0.11, "winrate": 0.6363636363636364, "build": {}}, "20": {"popularity": 0.05, "winrate": 0.4, "build": {}}, "21": {"popularity": 0.09, "winrate": 0.1111111111111111, "build": {}}, "22": {"popularity": 0.17, "winrate": 0.47058823529411764, "build": {}}, "23": {"popularity": 0.06, "winrate": 0.6666666666666666, "build": {}}, "24": {"popularity": 0.14, "winrate": 0.5, "build": {}}, "25": {"popularity": 0.19, "winrate": 0.6842105263157895, "build": {}}, "26": {"popularity": 0.01, "winrate": 0.0, "build": {}}, "27": {"popularity": 0.03, "winrate": 0.6666666666666666, "build": {}}, "28": {"popularity": 0.06, "winrate": 0.6666666666666666, "build": {}}, "29": {"popularity": 0.01, "winrate": 1.0, "build": {}}, "30": {"popularity": 0.01, "winrate": 0.0, "build": {}}, "31": {"popularity": 0.11, "winrate": 0.8181818181818182, "build": {}}, "32": {"popularity": 0.09, "winrate": 0.4444444444444444, "build": {}}, "33": {"popularity": 0.01, "winrate": 1.0, "build": {}}, "34": {"popularity": 0.02, "winrate": 0.5, "build": {}}, "35": {"popularity": 0.07, "winrate": 0.5714285714285714, "build": {}}, "36": {"popularity": 0.04, "winrate": 0.5, "build": {}}, "37": {"popularity": 0.06, "winrate": 0.5, "build": {}}, "38": {"popularity": 0.02, "winrate": 0.5, "build": {}}, "39": {"popularity": 0.08, "winrate": 0.625, "build": {}}, "40": {"popularity": 0.14, "winrate": 0.42857142857142855, "build": {}}, "41": {"popularity": 0.07, "winrate": 0.42857142857142855, "build": {}}, "42": {"popularity": 0.06, "winrate": 0.8333333333333334, "build": {}}, "43": {"popularity": 0.01, "winrate": 1.0, "build": {}}, "44": {"popularity": 0.02, "winrate": 1.0, "build": {}}, "45": {"popularity": 0.04, "winrate": 0.5, "build": {}}, "48": {"popularity": 0.08, "winrate": 0.5, "build": {}}, "50": {"popularity": 0.02, "winrate": 0.5, "build": {}}, "51": {"popularity": 0.2, "winrate": 0.6, "build": {}}, "53": {"popularity": 0.16, "winrate": 0.5, "build": {}}, "54": {"popularity": 0.1, "winrate": 0.3, "build": {}}, "55": {"popularity": 0.08, "winrate": 0.625, "build": {}}, "56": {"popularity": 0.04, "winrate": 0.75, "build": {}}, "57": {"popularity": 0.05, "winrate": 0.8, "build": {}}, "58": {"popularity": 0.09, "winrate": 0.3333333333333333, "build": {}}, "59": {"popularity": 0.04, "winrate": 0.5, "build": {}}, "60": {"popularity": 0.08, "winrate": 0.5, "build": {}}, "61": {"popularity": 0.07, "winrate": 0.42857142857142855, "build": {}}, "62": {"popularity": 0.09, "winrate": 0.5555555555555556, "build": {}}, "63": {"popularity": 0.02, "winrate": 0.5, "build": {}}, "64": {"popularity": 0.14, "winrate": 0.2857142857142857, "build": {}}, "67": {"popularity": 0.29, "winrate": 0.4482758620689655, "build": {}}, "68": {"popularity": 0.03, "winrate": 0.3333333333333333, "build": {}}, "69": {"popularity": 0.04, "winrate": 0.75, "build": {}}, "72": {"popularity": 0.03, "winrate": 1.0, "build": {}}, "74": {"popularity": 0.1, "winrate": 0.6, "build": {}}, "75": {"popularity": 0.12, "winrate": 0.4166666666666667, "build": {}}, "76": {"popularity": 0.07, "winrate": 0.2857142857142857, "build": {}}, "77": {"popularity": 0.15, "winrate": 0.4, "build": {}}, "78": {"popularity": 0.02, "winrate": 0.5, "build": {}}, "79": {"popularity": 0.03, "winrate": 0.3333333333333333, "build": {}}, "80": {"popularity": 0.03, "winrate": 1.0, "build": {}}, "81": {"popularity": 0.18, "winrate": 0.3888888888888889, "build": {}}, "82": {"popularity": 0.03, "winrate": 0.3333333333333333, "build": {}}, "83": {"popularity": 0.01, "winrate": 0.0, "build": {}}, "84": {"popularity": 0.02, "winrate": 1.0, "build": {}}, "85": {"popularity": 0.01, "winrate": 1.0, "build": {}}, "86": {"popularity": 0.08, "winrate": 0.5, "build": {}}, "89": {"popularity": 0.21, "winrate": 0.3333333333333333, "build": {}}, "90": {"popularity": 0.06, "winrate": 0.5, "build": {}}, "91": {"popularity": 0.01, "winrate": 1.0, "build": {}}, "92": {"popularity": 0.16, "winrate": 0.625, "build": {}}, "96": {"popularity": 0.05, "winrate": 0.4, "build": {}}, "98": {"popularity": 0.09, "winrate": 0.6666666666666666, "build": {}}, "99": {"popularity": 0.13, "winrate": 0.6153846153846154, "build": {}}, "101": {"popularity": 0.02, "winrate": 0.5, "build": {}}, "102": {"popularity": 0.12, "winrate": 0.3333333333333333, "build": {}}, "103": {"popularity": 0.23, "winrate": 0.43478260869565216, "build": {}}, "104": {"popularity": 0.14, "winrate": 0.5714285714285714, "build": {}}, "105": {"popularity": 0.14, "winrate": 0.6428571428571429, "build": {}}, "106": {"popularity": 0.05, "winrate": 0.4, "build": {}}, "107": {"popularity": 0.11, "winrate": 0.6363636363636364, "build": {}}, "110": {"popularity": 0.12, "winrate": 0.6666666666666666, "build": {}}, "111": {"popularity": 0.18, "winrate": 0.5555555555555556, "build": {}}, "112": {"popularity": 0.09, "winrate": 0.1111111111111111, "build": {}}, "113": {"popularity": 0.03, "winrate": 0.3333333333333333, "build": {}}, "114": {"popularity": 0.04, "winrate": 0.25, "build": {}}, "115": {"popularity": 0.11, "winrate": 0.45454545454545453, "build": {}}, "117": {"popularity": 0.07, "winrate": 0.14285714285714285, "build": {}}, "119": {"popularity": 0.04, "winrate": 0.5, "build": {}}, "120": {"popularity": 0.06, "winrate": 0.6666666666666666, "build": {}}, "121": {"popularity": 0.01, "winrate": 1.0, "build": {}}, "122": {"popularity": 0.05, "winrate": 0.6, "build": {}}, "126": {"popularity": 0.02, "winrate": 1.0, "build": {}}, "127": {"popularity": 0.01, "winrate": 1.0, "build": {}}, "131": {"popularity": 0.08, "winrate": 0.375, "build": {}}, "133": {"popularity": 0.04, "winrate": 0.0, "build": {}}, "134": {"popularity": 0.03, "winrate": 0.3333333333333333, "build": {}}, "143": {"popularity": 0.05, "winrate": 0.6, "build": {}}, "150": {"popularity": 0.09, "winrate": 0.3333333333333333, "build": {}}, "154": {"popularity": 0.03, "winrate": 0.6666666666666666, "build": {}}, "157": {"popularity": 0.15, "winrate": 0.4, "build": {}}, "161": {"popularity": 0.07, "winrate": 0.5714285714285714, "build": {}}, "201": {"popularity": 0.13, "winrate": 0.6153846153846154, "build": {}}, "222": {"popularity": 0.24, "winrate": 0.625, "build": {}}, "223": {"popularity": 0.14, "winrate": 0.5, "build": {}}, "236": {"popularity": 0.06, "winrate": 0.3333333333333333, "build": {}}, "238": {"popularity": 0.1, "winrate": 0.3, "build": {}}, "245": {"popularity": 0.07, "winrate": 0.42857142857142855, "build": {}}, "254": {"popularity": 0.09, "winrate": 0.2222222222222222, "build": {}}, "266": {"popularity": 0.06, "winrate": 0.6666666666666666, "build": {}}, "267": {"popularity": 0.07, "winrate": 0.2857142857142857, "build": {}}, "268": {"popularity": 0.07, "winrate": 0.2857142857142857, "build": {}}, "412": {"popularity": 0.28, "winrate": 0.42857142857142855, "build": {}},